,PC1,PC2,PC3,PC4,PC5
altura_hojas_cm,0.44792814070776277,-0.0490935312012836,0.7420297402439316,0.022862094721410167,-0.49580177003995063
num_hojas,0.4448658378720166,0.8648370554918251,-0.2305100804584455,0.015225541459745492,-0.028009631146400066
diametro_cm,0.44756978054384716,-0.3378808587184331,-0.3484315043796757,0.7494679554595748,-0.04910282426284224
longitud_raiz_cm,0.447530545860073,-0.3454866908774312,-0.4441008257511162,-0.6462448747562305,-0.2559245501456007
peso_fresco_g,0.4481656715129269,-0.1269730852609155,0.27861606329043065,-0.14110582235597258,0.8279417870058734
