,PC1,PC2,PC3,PC4,PC5
altura_hojas_cm,-0.46165289812293847,0.32941578207563604,0.6280387587200004,0.4396943372985811,0.3009951020651187
num_hojas,0.45826122608742625,-0.39111443800461343,0.5399377892838539,0.3340303142088651,-0.4836497471745175
diametro_cm,0.4662985049190595,0.36723551562567347,-0.4024949951086835,0.6774928976833052,0.16341644003751357
longitud_raiz_cm,0.291073957883482,0.767497630533051,0.24582799580526862,-0.38859348508637015,-0.3388023583078941
peso_fresco_g,0.524132526821066,-0.12083129600037452,0.3026563672542356,-0.29170381532334233,0.7307481780485726
